idx,unix_ts,elapsed_s,top_temp_c,mean_cpu_mhz,n_zones_ge30c
0,1791241722,0,66.6,1356,51
1,1791241737,15,52.7,1874,51
2,1791241752,30,51.9,1649,51
3,1791241768,45,43.2,1001,51
4,1791241783,60,51.9,1937,51
5,1791241848,126,44.8,1562,51
6,1791241872,149,68.9,2162,51
7,1791241887,164,47.1,1289,51
8,1791241902,179,46.7,1020,51
9,1791241917,194,46.7,1562,51
10,1791241932,209,45.9,1562,51
11,1791241987,265,41.2,1375,51
12,1791242042,319,54.7,1918,51
13,1791242057,334,52.3,1289,51
14,1791242072,349,52.7,1289,51
15,1791242087,364,53.1,1498,51
16,1791242102,379,51.1,1706,51
17,1791242153,431,45.5,1711,51
18,1791242209,487,53.9,1289,51
19,1791242224,502,61.8,1836,51
20,1791242239,517,59.4,1620,51
21,1791242255,532,59.0,2035,51
22,1791242270,547,46.7,1164,51
23,1791242285,562,52.7,1937,51
24,1791242300,577,48.3,1498,51
25,1791242315,592,46.7,1250,51
26,1791242330,607,48.7,1250,51
27,1791242345,622,50.3,1459,51
28,1791242360,637,49.5,1250,51
29,1791242375,652,49.1,1870,51
30,1791242390,668,48.7,1711,51
31,1791242405,683,49.1,1754,51
32,1791242420,698,47.5,1937,51
