idx,unix_ts,temp_c,mem_avail_mb,tps,bytes_per_token,bandwidth_GBs,ms_per_token
0,1791239618,57.4,2397,15.15,255656193.04470676,3.873,66.0
1,1791239684,58.2,2401,15.55,255656193.04470676,3.975,64.3
2,1791239749,57.8,2385,16.93,255656193.04470676,4.328,59.1
3,1791239816,60.6,2412,10.57,255656193.04470676,2.702,94.6
4,1791239885,59.8,2415,8.28,255656193.04470676,2.117,120.8
5,1791239952,59.8,2394,11.45,255656193.04470676,2.927,87.3
6,1791240019,62.6,2371,10.8,255656193.04470676,2.761,92.6
7,1791240117,57.8,2256,2.2,255656193.04470676,0.562,454.5
8,1791240287,59.4,2548,0.61,255656193.04470676,0.156,1639.3
9,1791240399,61.8,2898,1.41,255656193.04470676,0.36,709.2
10,1791240527,44.5,2939,5.85,255656193.04470676,1.496,170.9
11,1791240691,61.0,2978,10.02,255656193.04470676,2.562,99.8
12,1791240758,62.6,2955,11.71,255656193.04470676,2.994,85.4
13,1791240825,61.0,2960,11.45,255656193.04470676,2.927,87.3
14,1791240892,60.2,2948,10.79,255656193.04470676,2.759,92.7
