idx,unix_ts,temp_c,temp_idle_c,cpu_mhz,mem_avail_mb,tps,tps_spread,bytes_per_token,bandwidth_GBs,ms_per_token
0,1791242799,41.0,51.5,1435,2191,13.219999999999999,3.86,255656193.04470676,3.38,75.6
1,1791242814,43.3,51.1,1140,2190,12.055,1.53,255656193.04470676,3.082,83.0
2,1791242830,44.0,53.5,1457,2175,11.155,0.91,255656193.04470676,2.852,89.6
3,1791242849,44.7,55.5,1716,2177,8.51,0.34,255656193.04470676,2.176,117.5
4,1791242868,45.1,56.3,1462,2165,9.205,1.11,255656193.04470676,2.353,108.6
5,1791242885,45.4,64.2,1711,2167,10.57,0.34,255656193.04470676,2.702,94.6
6,1791242903,45.6,64.6,1706,2179,9.105,0.67,255656193.04470676,2.328,109.8
7,1791242920,45.6,61.0,1332,2213,10.83,0.96,255656193.04470676,2.769,92.3
8,1791242962,45.6,54.7,1706,2242,5.94,8.28,255656193.04470676,1.519,168.4
9,1791243021,46.7,64.6,1313,2196,3.135,3.59,255656193.04470676,0.801,319.0
