idx,temp_c,tps,cpu_s,wall_s,tokens,cpu_ms_per_tok,bandwidth_GBs,pin
0,41.6,54.08,8.26,2.86,154,53.48,13.826,big
1,41.9,50.45,8.49,2.61,131,64.59,12.898,big
2,42.9,43.91,9.28,2.86,125,74.0,11.226,big
3,44.3,49.25,9.02,2.75,135,66.6,12.591,big
4,45.3,51.36,8.66,2.6,133,64.91,13.131,big
5,46.0,48.15,8.99,2.7,130,69.22,12.31,big
6,46.7,50.56,8.94,2.7,137,65.48,12.926,big
7,47.2,51.28,8.82,2.75,141,62.57,13.11,big
8,47.5,48.93,9.11,2.86,140,65.19,12.509,big
9,47.9,49.02,9.25,2.86,140,66.01,12.532,big
10,48.1,47.29,9.72,3.06,145,67.12,12.09,big
11,48.2,47.43,9.73,3.06,145,67.11,12.126,big
